<dragonBones name="BaseUnitAni" frameRate="24" version="2.3">
 <armature name="BaseUnitAni">
  <bone name="back-hair-type1.png" parent="baseface.png">
   <transform x="6.55" y="-672.25" skX="0" skY="0" scX="1" scY="1"/>
  </bone>
  <bone name="left-arm.png" parent="body.png">
   <transform x="-81.95" y="-322.85" skX="0" skY="0" scX="1" scY="1"/>
  </bone>
  <bone name="left-hand.png" parent="left-arm.png">
   <transform x="-140.45" y="-36.5" skX="0" skY="0" scX="1" scY="1"/>
  </bone>
  <bone name="left-foot.png" parent="left-leg.png">
   <transform x="-18.45" y="524.8" skX="0" skY="0" scX="1" scY="1"/>
  </bone>
  <bone name="left-leg.png" parent="body.png">
   <transform x="-31.85" y="114.6" skX="0" skY="0" scX="1" scY="1"/>
  </bone>
  <bone name="body.png">
   <transform x="30" y="-116" skX="0" skY="0" scX="1" scY="1"/>
  </bone>
  <bone name="right-hand.png" parent="right-arm.png">
   <transform x="219.85" y="-54.95" skX="0" skY="0" scX="1" scY="1"/>
  </bone>
  <bone name="right-arm.png" parent="body.png">
   <transform x="139.95" y="-322.7" skX="0" skY="0" scX="1" scY="1"/>
  </bone>
  <bone name="right-foot.png" parent="right-leg.png">
   <transform x="62.9" y="557.9" skX="0" skY="0" scX="1" scY="1"/>
  </bone>
  <bone name="right-leg.png" parent="body.png">
   <transform x="108" y="100.5" skX="0" skY="0" scX="1" scY="1"/>
  </bone>
  <bone name="baseface.png" parent="body.png">
   <transform x="7.5" y="-551.7" skX="0" skY="0" scX="1" scY="1"/>
  </bone>
  <bone name="front-hair-type1.png" parent="baseface.png">
   <transform x="7.65" y="-673.65" skX="0" skY="0" scX="1" scY="1"/>
  </bone>
  <bone name="mouth-type1.png" parent="baseface.png">
   <transform x="-4.5" y="-478.65" skX="0" skY="0" scX="1" scY="1"/>
  </bone>
  <bone name="eyeline-type1.png" parent="baseface.png">
   <transform x="-12" y="-588.15" skX="0" skY="0" scX="1" scY="1"/>
  </bone>
  <bone name="eye-type1.png" parent="baseface.png">
   <transform x="-6" y="-558.15" skX="0" skY="0" scX="1" scY="1"/>
  </bone>
  <skin name="default">
   <slot name="back-hair-type1.png" parent="back-hair-type1.png" z="0">
    <display name="Tween 15" type="image">
     <transform x="0" y="0" skX="0" skY="0" scX="1" scY="1" pX="245.65" pY="142.8"/>
    </display>
   </slot>
   <slot name="left-arm.png" parent="left-arm.png" z="1">
    <display name="Tween 14" type="image">
     <transform x="0" y="0" skX="0" skY="0" scX="1" scY="1" pX="101.7" pY="81.5"/>
    </display>
   </slot>
   <slot name="left-hand.png" parent="left-hand.png" z="2">
    <display name="Tween 13" type="image">
     <transform x="0" y="0" skX="0" skY="0" scX="1" scY="1" pX="163.35" pY="61.45"/>
    </display>
   </slot>
   <slot name="left-foot.png" parent="left-foot.png" z="3">
    <display name="Tween 12" type="image">
     <transform x="0" y="0" skX="0" skY="0" scX="1" scY="1" pX="89.95" pY="85.35"/>
    </display>
   </slot>
   <slot name="left-leg.png" parent="left-leg.png" z="4">
    <display name="Tween 11" type="image">
     <transform x="0" y="0" skX="0" skY="0" scX="1" scY="1" pX="144.85" pY="99.25"/>
    </display>
   </slot>
   <slot name="body.png" parent="body.png" z="5">
    <display name="Tween 10" type="image">
     <transform x="0" y="0" skX="0" skY="0" scX="1" scY="1" pX="210" pY="390"/>
    </display>
   </slot>
   <slot name="right-hand.png" parent="right-hand.png" z="6">
    <display name="Tween 9" type="image">
     <transform x="0" y="0" skX="0" skY="0" scX="1" scY="1" pX="76.65" pY="51.4"/>
    </display>
   </slot>
   <slot name="right-arm.png" parent="right-arm.png" z="7">
    <display name="Tween 8" type="image">
     <transform x="0" y="0" skX="0" skY="0" scX="1" scY="1" pX="58.3" pY="79.85"/>
    </display>
   </slot>
   <slot name="right-foot.png" parent="right-foot.png" z="8">
    <display name="Tween 7" type="image">
     <transform x="0" y="0" skX="0" skY="0" scX="1" scY="1" pX="148.35" pY="70.4"/>
    </display>
   </slot>
   <slot name="right-leg.png" parent="right-leg.png" z="9">
    <display name="Tween 6" type="image">
     <transform x="0" y="0" skX="0" skY="0" scX="1" scY="1" pX="130" pY="90.9"/>
    </display>
   </slot>
   <slot name="baseface.png" parent="baseface.png" z="10">
    <display name="Tween 5" type="image">
     <transform x="0" y="0" skX="0" skY="0" scX="1" scY="1" pX="137.5" pY="147.5"/>
    </display>
   </slot>
   <slot name="front-hair-type1.png" parent="front-hair-type1.png" z="11">
    <display name="Tween 4" type="image">
     <transform x="0" y="0" skX="0" skY="0" scX="1" scY="1" pX="245.65" pY="142.55"/>
    </display>
   </slot>
   <slot name="mouth-type1.png" parent="mouth-type1.png" z="12">
    <display name="Tween 3" type="image">
     <transform x="0" y="0" skX="0" skY="0" scX="1" scY="1" pX="55.5" pY="36.5"/>
    </display>
   </slot>
   <slot name="eyeline-type1.png" parent="eyeline-type1.png" z="13">
    <display name="Tween 2" type="image">
     <transform x="0" y="0" skX="0" skY="0" scX="1" scY="1" pX="108" pY="31"/>
    </display>
   </slot>
   <slot name="eye-type1.png" parent="eye-type1.png" z="14">
    <display name="Tween 1" type="image">
     <transform x="0" y="0" skX="0" skY="0" scX="1" scY="1" pX="102" pY="49"/>
    </display>
   </slot>
  </skin>
  <animation name="idle" fadeInTime="0.3" duration="30" scale="2" loop="0" autoTween="1" tweenEasing="NaN">
   <timeline name="back-hair-type1.png" scale="1" offset="0">
    <frame z="0" tweenEasing="0" duration="7">
     <transform x="6.55" y="-672.25" skX="0" skY="0" scX="1" scY="1" pX="0" pY="0"/>
    </frame>
    <frame z="0" tweenEasing="0" duration="7">
     <transform x="6.55" y="-672.25" skX="-2.41" skY="0" scX="1" scY="1" pX="0" pY="0"/>
    </frame>
    <frame z="0" tweenEasing="0" duration="7">
     <transform x="6.55" y="-672.25" skX="0" skY="0" scX="1" scY="1" pX="0" pY="0"/>
    </frame>
    <frame z="0" tweenEasing="0" duration="8">
     <transform x="6.55" y="-672.25" skX="-2.41" skY="0" scX="1" scY="1" pX="0" pY="0"/>
    </frame>
    <frame z="0" tweenEasing="0" duration="1">
     <transform x="6.55" y="-672.25" skX="0" skY="0" scX="1" scY="1" pX="0" pY="0"/>
    </frame>
   </timeline>
   <timeline name="left-arm.png" scale="1" offset="0">
    <frame z="1" tweenEasing="0" duration="14">
     <transform x="-81.95" y="-322.85" skX="0" skY="0" scX="1" scY="1" pX="0" pY="0"/>
    </frame>
    <frame z="1" tweenEasing="0" duration="15">
     <transform x="-81.95" y="-306.85" skX="-3.48" skY="-3.48" scX="1" scY="1" pX="0" pY="0"/>
    </frame>
    <frame z="1" tweenEasing="0" duration="1">
     <transform x="-81.95" y="-322.85" skX="0" skY="0" scX="1" scY="1" pX="0" pY="0"/>
    </frame>
   </timeline>
   <timeline name="left-hand.png" scale="1" offset="0">
    <frame z="2" tweenEasing="0" duration="14">
     <transform x="-140.45" y="-36.5" skX="0" skY="0" scX="1" scY="1" pX="0" pY="0"/>
    </frame>
    <frame z="2" tweenEasing="0" duration="15">
     <transform x="-124.45" y="-20.5" skX="2.72" skY="2.72" scX="1" scY="1" pX="0" pY="0"/>
    </frame>
    <frame z="2" tweenEasing="0" duration="1">
     <transform x="-140.45" y="-36.5" skX="0" skY="0" scX="1" scY="1" pX="0" pY="0"/>
    </frame>
   </timeline>
   <timeline name="left-foot.png" scale="1" offset="0">
    <frame z="3" tweenEasing="0" duration="14">
     <transform x="-18.45" y="524.8" skX="0" skY="0" scX="1" scY="1" pX="0" pY="0"/>
    </frame>
    <frame z="3" tweenEasing="0" duration="15">
     <transform x="-18.45" y="524.8" skX="0" skY="0" scX="1" scY="1" pX="0" pY="0"/>
    </frame>
    <frame z="3" tweenEasing="0" duration="1">
     <transform x="-18.45" y="524.8" skX="0" skY="0" scX="1" scY="1" pX="0" pY="0"/>
    </frame>
   </timeline>
   <timeline name="left-leg.png" scale="1" offset="0">
    <frame z="4" tweenEasing="0" duration="29">
     <transform x="-31.85" y="114.6" skX="0" skY="0" scX="1" scY="1" pX="0" pY="0"/>
    </frame>
    <frame z="4" tweenEasing="0" duration="1">
     <transform x="-31.85" y="114.6" skX="0" skY="0" scX="1" scY="1" pX="0" pY="0"/>
    </frame>
   </timeline>
   <timeline name="body.png" scale="1" offset="0">
    <frame z="5" tweenEasing="0" duration="14">
     <transform x="30" y="-116" skX="0" skY="0" scX="1" scY="1" pX="0" pY="0"/>
    </frame>
    <frame z="5" tweenEasing="0" duration="15">
     <transform x="31" y="-106.2" skX="0" skY="0" scX="1" scY="1" pX="0" pY="0"/>
    </frame>
    <frame z="5" tweenEasing="0" duration="1">
     <transform x="30" y="-116" skX="0" skY="0" scX="1" scY="1" pX="0" pY="0"/>
    </frame>
   </timeline>
   <timeline name="right-hand.png" scale="1" offset="0">
    <frame z="6" tweenEasing="0" duration="14">
     <transform x="219.85" y="-54.95" skX="0" skY="0" scX="1" scY="1" pX="0" pY="0"/>
    </frame>
    <frame z="6" tweenEasing="0" duration="15">
     <transform x="219.85" y="-46.95" skX="-3.99" skY="-3.99" scX="1" scY="1" pX="0" pY="0"/>
    </frame>
    <frame z="6" tweenEasing="0" duration="1">
     <transform x="219.85" y="-54.95" skX="0" skY="0" scX="1" scY="1" pX="0" pY="0"/>
    </frame>
   </timeline>
   <timeline name="right-arm.png" scale="1" offset="0">
    <frame z="7" tweenEasing="0" duration="14">
     <transform x="139.95" y="-322.7" skX="0" skY="0" scX="1" scY="1" pX="0" pY="0"/>
    </frame>
    <frame z="7" tweenEasing="0" duration="15">
     <transform x="139.95" y="-314.7" skX="0" skY="0" scX="1" scY="1" pX="0" pY="0"/>
    </frame>
    <frame z="7" tweenEasing="0" duration="1">
     <transform x="139.95" y="-322.7" skX="0" skY="0" scX="1" scY="1" pX="0" pY="0"/>
    </frame>
   </timeline>
   <timeline name="right-foot.png" scale="1" offset="0">
    <frame z="8" tweenEasing="0" duration="14">
     <transform x="62.9" y="557.9" skX="0" skY="0" scX="1" scY="1" pX="0" pY="0"/>
    </frame>
    <frame z="8" tweenEasing="0" duration="15">
     <transform x="62.9" y="557.9" skX="0" skY="0" scX="1" scY="1" pX="0" pY="0"/>
    </frame>
    <frame z="8" tweenEasing="0" duration="1">
     <transform x="62.9" y="557.9" skX="0" skY="0" scX="1" scY="1" pX="0" pY="0"/>
    </frame>
   </timeline>
   <timeline name="right-leg.png" scale="1" offset="0">
    <frame z="9" tweenEasing="0" duration="29">
     <transform x="108" y="100.5" skX="0" skY="0" scX="1" scY="1" pX="0" pY="0"/>
    </frame>
    <frame z="9" tweenEasing="0" duration="1">
     <transform x="108" y="100.5" skX="0" skY="0" scX="1" scY="1" pX="0" pY="0"/>
    </frame>
   </timeline>
   <timeline name="baseface.png" scale="1" offset="0">
    <frame z="10" tweenEasing="0" duration="14">
     <transform x="7.5" y="-551.7" skX="0" skY="0" scX="1" scY="1" pX="0" pY="0"/>
    </frame>
    <frame z="10" tweenEasing="0" duration="15">
     <transform x="7.5" y="-543.7" skX="0" skY="0" scX="1" scY="1" pX="0" pY="0"/>
    </frame>
    <frame z="10" tweenEasing="0" duration="1">
     <transform x="7.5" y="-551.7" skX="0" skY="0" scX="1" scY="1" pX="0" pY="0"/>
    </frame>
   </timeline>
   <timeline name="front-hair-type1.png" scale="1" offset="0">
    <frame z="11" tweenEasing="0" duration="7">
     <transform x="7.65" y="-673.65" skX="0" skY="0" scX="1" scY="1" pX="0" pY="0"/>
    </frame>
    <frame z="11" tweenEasing="0" duration="7">
     <transform x="7.65" y="-673.65" skX="2.81" skY="0" scX="1" scY="1" pX="0" pY="0"/>
    </frame>
    <frame z="11" tweenEasing="0" duration="7">
     <transform x="7.65" y="-665.65" skX="0" skY="0" scX="1" scY="1" pX="0" pY="0"/>
    </frame>
    <frame z="11" tweenEasing="0" duration="8">
     <transform x="7.65" y="-673.65" skX="2.81" skY="0" scX="1" scY="1" pX="0" pY="0"/>
    </frame>
    <frame z="11" tweenEasing="0" duration="1">
     <transform x="7.65" y="-673.65" skX="0" skY="0" scX="1" scY="1" pX="0" pY="0"/>
    </frame>
   </timeline>
   <timeline name="mouth-type1.png" scale="1" offset="0">
    <frame z="12" tweenEasing="0" duration="14">
     <transform x="-4.5" y="-478.65" skX="0" skY="0" scX="1" scY="1" pX="0" pY="0"/>
    </frame>
    <frame z="12" tweenEasing="0" duration="15">
     <transform x="-4.5" y="-470.65" skX="0" skY="0" scX="1" scY="1" pX="0" pY="0"/>
    </frame>
    <frame z="12" tweenEasing="0" duration="1">
     <transform x="-4.5" y="-478.65" skX="0" skY="0" scX="1" scY="1" pX="0" pY="0"/>
    </frame>
   </timeline>
   <timeline name="eyeline-type1.png" scale="1" offset="0">
    <frame z="13" tweenEasing="0" duration="14">
     <transform x="-12" y="-588.15" skX="0" skY="0" scX="1" scY="1" pX="0" pY="0"/>
    </frame>
    <frame z="13" tweenEasing="0" duration="15">
     <transform x="-12" y="-580.15" skX="0" skY="0" scX="1" scY="1" pX="0" pY="0"/>
    </frame>
    <frame z="13" tweenEasing="0" duration="1">
     <transform x="-12" y="-588.15" skX="0" skY="0" scX="1" scY="1" pX="0" pY="0"/>
    </frame>
   </timeline>
   <timeline name="eye-type1.png" scale="1" offset="0">
    <frame z="14" tweenEasing="0" duration="14">
     <transform x="-6" y="-558.15" skX="0" skY="0" scX="1" scY="1" pX="0" pY="0"/>
    </frame>
    <frame z="14" tweenEasing="0" duration="14">
     <transform x="-6" y="-550.15" skX="0" skY="0" scX="1" scY="1" pX="0" pY="0"/>
    </frame>
    <frame z="14" tweenEasing="0" duration="1">
     <transform x="-6" y="-558.15" skX="0" skY="0" scX="1" scY="1" pX="0" pY="0"/>
    </frame>
    <frame z="14" tweenEasing="0" duration="1">
     <transform x="-6" y="-550.15" skX="0" skY="0" scX="1" scY="0.12" pX="0" pY="0"/>
    </frame>
   </timeline>
  </animation>
 </armature>
</dragonBones>