{"frameRate":24,"name":"BaseUnitAni","armature":[{"name":"BaseUnitAni","bone":[{"transform":{"scX":1,"x":6.55,"skX":0,"scY":1,"y":-672.25,"skY":0},"name":"back-hair-type1.png","parent":"baseface.png"},{"transform":{"scX":1,"x":-81.95,"skX":0,"scY":1,"y":-322.85,"skY":0},"name":"left-arm.png","parent":"body.png"},{"transform":{"scX":1,"x":-140.45,"skX":0,"scY":1,"y":-36.5,"skY":0},"name":"left-hand.png","parent":"left-arm.png"},{"transform":{"scX":1,"x":-18.45,"skX":0,"scY":1,"y":524.8,"skY":0},"name":"left-foot.png","parent":"left-leg.png"},{"transform":{"scX":1,"x":-31.85,"skX":0,"scY":1,"y":114.6,"skY":0},"name":"left-leg.png","parent":"body.png"},{"transform":{"scX":1,"x":30,"skX":0,"scY":1,"y":-116,"skY":0},"name":"body"},{"transform":{"scX":1,"x":219.85,"skX":0,"scY":1,"y":-54.95,"skY":0},"name":"right-hand.png","parent":"right-arm.png"},{"transform":{"scX":1,"x":139.95,"skX":0,"scY":1,"y":-322.7,"skY":0},"name":"right-arm.png","parent":"body.png"},{"transform":{"scX":1,"x":62.9,"skX":0,"scY":1,"y":557.9,"skY":0},"name":"right-foot.png","parent":"right-leg.png"},{"transform":{"scX":1,"x":108,"skX":0,"scY":1,"y":100.5,"skY":0},"name":"right-leg.png","parent":"body.png"},{"transform":{"scX":1,"x":7.5,"skX":0,"scY":1,"y":-551.7,"skY":0},"name":"face"},{"transform":{"scX":1,"x":7.65,"skX":0,"scY":1,"y":-673.65,"skY":0},"name":"front-hair"},{"transform":{"scX":1,"x":-4.5,"skX":0,"scY":1,"y":-478.65,"skY":0},"name":"mouth"},{"transform":{"scX":1,"x":-12,"skX":0,"scY":1,"y":-588.15,"skY":0},"name":"eyeline"},{"transform":{"scX":1,"x":-6,"skX":0,"scY":1,"y":-558.15,"skY":0},"name":"eye"}],"skin":[{"slot":[{"name":"back-hair-type1.png","z":0,"display":[{"transform":{"pY":142.8,"scX":1,"x":0,"scY":1,"y":0,"skX":0,"pX":245.65,"skY":0},"name":"back-hair","type":"image"}],"parent":"back-hair-type1.png"},{"name":"left-arm.png","z":1,"display":[{"transform":{"pY":81.5,"scX":1,"x":0,"scY":1,"y":0,"skX":0,"pX":101.7,"skY":0},"name":"left-arm","type":"image"}],"parent":"left-arm.png"},{"name":"left-hand.png","z":2,"display":[{"transform":{"pY":61.45,"scX":1,"x":0,"scY":1,"y":0,"skX":0,"pX":163.35,"skY":0},"name":"left-hand","type":"image"}],"parent":"left-hand.png"},{"name":"left-foot.png","z":3,"display":[{"transform":{"pY":85.35,"scX":1,"x":0,"scY":1,"y":0,"skX":0,"pX":89.95,"skY":0},"name":"left-foot","type":"image"}],"parent":"left-foot.png"},{"name":"left-leg.png","z":4,"display":[{"transform":{"pY":99.25,"scX":1,"x":0,"scY":1,"y":0,"skX":0,"pX":144.85,"skY":0},"name":"left-leg","type":"image"}],"parent":"left-leg.png"},{"name":"body","z":5,"display":[{"transform":{"pY":390,"scX":1,"x":0,"scY":1,"y":0,"skX":0,"pX":210,"skY":0},"name":"body","type":"image"}],"parent":"body"},{"name":"right-hand.png","z":6,"display":[{"transform":{"pY":51.4,"scX":1,"x":0,"scY":1,"y":0,"skX":0,"pX":76.65,"skY":0},"name":"right-hand","type":"image"}],"parent":"right-hand.png"},{"name":"right-arm.png","z":7,"display":[{"transform":{"pY":79.85,"scX":1,"x":0,"scY":1,"y":0,"skX":0,"pX":58.3,"skY":0},"name":"right-arm","type":"image"}],"parent":"right-arm.png"},{"name":"right-foot.png","z":8,"display":[{"transform":{"pY":70.4,"scX":1,"x":0,"scY":1,"y":0,"skX":0,"pX":148.35,"skY":0},"name":"right-foot","type":"image"}],"parent":"right-foot.png"},{"name":"right-leg.png","z":9,"display":[{"transform":{"pY":90.9,"scX":1,"x":0,"scY":1,"y":0,"skX":0,"pX":130,"skY":0},"name":"right-leg","type":"image"}],"parent":"right-leg.png"},{"name":"face","z":10,"display":[{"transform":{"pY":147.5,"scX":1,"x":0,"scY":1,"y":0,"skX":0,"pX":137.5,"skY":0},"name":"face","type":"image"}],"parent":"face"},{"name":"front-hair","z":11,"display":[{"transform":{"pY":142.55,"scX":1,"x":0,"scY":1,"y":0,"skX":0,"pX":245.65,"skY":0},"name":"front-hair","type":"image"}],"parent":"front-hair"},{"name":"mouth","z":12,"display":[{"transform":{"pY":36.5,"scX":1,"x":0,"scY":1,"y":0,"skX":0,"pX":55.5,"skY":0},"name":"mouth","type":"image"}],"parent":"mouth"},{"name":"eyeline","z":13,"display":[{"transform":{"pY":31,"scX":1,"x":0,"scY":1,"y":0,"skX":0,"pX":108,"skY":0},"name":"eyeline","type":"image"}],"parent":"eyeline"},{"name":"eye","z":14,"display":[{"transform":{"pY":49,"scX":1,"x":0,"scY":1,"y":0,"skX":0,"pX":102,"skY":0},"name":"eye","type":"image"}],"parent":"eye"}],"name":"default"}],"animation":[{"autoTween":1,"timeline":[{"name":"back-hair-type1.png","scale":1,"frame":[{"z":0,"duration":7,"transform":{"pY":0,"scX":1,"x":6.55,"scY":1,"y":-672.25,"skX":0,"pX":0,"skY":0},"tweenEasing":0},{"z":0,"duration":7,"transform":{"pY":0,"scX":1,"x":6.55,"scY":1,"y":-672.25,"skX":-2.41,"pX":0,"skY":0},"tweenEasing":0},{"z":0,"duration":7,"transform":{"pY":0,"scX":1,"x":6.55,"scY":1,"y":-672.25,"skX":0,"pX":0,"skY":0},"tweenEasing":0},{"z":0,"duration":8,"transform":{"pY":0,"scX":1,"x":6.55,"scY":1,"y":-672.25,"skX":-2.41,"pX":0,"skY":0},"tweenEasing":0},{"z":0,"duration":1,"transform":{"pY":0,"scX":1,"x":6.55,"scY":1,"y":-672.25,"skX":0,"pX":0,"skY":0},"tweenEasing":0}],"offset":0},{"name":"left-arm.png","scale":1,"frame":[{"z":1,"duration":14,"transform":{"pY":0,"scX":1,"x":-81.95,"scY":1,"y":-322.85,"skX":0,"pX":0,"skY":0},"tweenEasing":0},{"z":1,"duration":15,"transform":{"pY":0,"scX":1,"x":-81.95,"scY":1,"y":-306.85,"skX":-3.48,"pX":0,"skY":-3.48},"tweenEasing":0},{"z":1,"duration":1,"transform":{"pY":0,"scX":1,"x":-81.95,"scY":1,"y":-322.85,"skX":0,"pX":0,"skY":0},"tweenEasing":0}],"offset":0},{"name":"left-hand.png","scale":1,"frame":[{"z":2,"duration":14,"transform":{"pY":0,"scX":1,"x":-140.45,"scY":1,"y":-36.5,"skX":0,"pX":0,"skY":0},"tweenEasing":0},{"z":2,"duration":15,"transform":{"pY":0,"scX":1,"x":-124.45,"scY":1,"y":-20.5,"skX":2.72,"pX":0,"skY":2.72},"tweenEasing":0},{"z":2,"duration":1,"transform":{"pY":0,"scX":1,"x":-140.45,"scY":1,"y":-36.5,"skX":0,"pX":0,"skY":0},"tweenEasing":0}],"offset":0},{"name":"left-foot.png","scale":1,"frame":[{"z":3,"duration":14,"transform":{"pY":0,"scX":1,"x":-18.45,"scY":1,"y":524.8,"skX":0,"pX":0,"skY":0},"tweenEasing":0},{"z":3,"duration":15,"transform":{"pY":0,"scX":1,"x":-18.45,"scY":1,"y":524.8,"skX":0,"pX":0,"skY":0},"tweenEasing":0},{"z":3,"duration":1,"transform":{"pY":0,"scX":1,"x":-18.45,"scY":1,"y":524.8,"skX":0,"pX":0,"skY":0},"tweenEasing":0}],"offset":0},{"name":"left-leg.png","scale":1,"frame":[{"z":4,"duration":29,"transform":{"pY":0,"scX":1,"x":-31.85,"scY":1,"y":114.6,"skX":0,"pX":0,"skY":0},"tweenEasing":0},{"z":4,"duration":1,"transform":{"pY":0,"scX":1,"x":-31.85,"scY":1,"y":114.6,"skX":0,"pX":0,"skY":0},"tweenEasing":0}],"offset":0},{"name":"body","scale":1,"frame":[{"z":5,"duration":14,"transform":{"pY":0,"scX":1,"x":30,"scY":1,"y":-116,"skX":0,"pX":0,"skY":0},"tweenEasing":0},{"z":5,"duration":15,"transform":{"pY":0,"scX":1,"x":31,"scY":1,"y":-106.2,"skX":0,"pX":0,"skY":0},"tweenEasing":0},{"z":5,"duration":1,"transform":{"pY":0,"scX":1,"x":30,"scY":1,"y":-116,"skX":0,"pX":0,"skY":0},"tweenEasing":0}],"offset":0},{"name":"right-hand.png","scale":1,"frame":[{"z":6,"duration":14,"transform":{"pY":0,"scX":1,"x":219.85,"scY":1,"y":-54.95,"skX":0,"pX":0,"skY":0},"tweenEasing":0},{"z":6,"duration":15,"transform":{"pY":0,"scX":1,"x":219.85,"scY":1,"y":-46.95,"skX":-3.99,"pX":0,"skY":-3.99},"tweenEasing":0},{"z":6,"duration":1,"transform":{"pY":0,"scX":1,"x":219.85,"scY":1,"y":-54.95,"skX":0,"pX":0,"skY":0},"tweenEasing":0}],"offset":0},{"name":"right-arm.png","scale":1,"frame":[{"z":7,"duration":14,"transform":{"pY":0,"scX":1,"x":139.95,"scY":1,"y":-322.7,"skX":0,"pX":0,"skY":0},"tweenEasing":0},{"z":7,"duration":15,"transform":{"pY":0,"scX":1,"x":139.95,"scY":1,"y":-314.7,"skX":0,"pX":0,"skY":0},"tweenEasing":0},{"z":7,"duration":1,"transform":{"pY":0,"scX":1,"x":139.95,"scY":1,"y":-322.7,"skX":0,"pX":0,"skY":0},"tweenEasing":0}],"offset":0},{"name":"right-foot.png","scale":1,"frame":[{"z":8,"duration":14,"transform":{"pY":0,"scX":1,"x":62.9,"scY":1,"y":557.9,"skX":0,"pX":0,"skY":0},"tweenEasing":0},{"z":8,"duration":15,"transform":{"pY":0,"scX":1,"x":62.9,"scY":1,"y":557.9,"skX":0,"pX":0,"skY":0},"tweenEasing":0},{"z":8,"duration":1,"transform":{"pY":0,"scX":1,"x":62.9,"scY":1,"y":557.9,"skX":0,"pX":0,"skY":0},"tweenEasing":0}],"offset":0},{"name":"right-leg.png","scale":1,"frame":[{"z":9,"duration":29,"transform":{"pY":0,"scX":1,"x":108,"scY":1,"y":100.5,"skX":0,"pX":0,"skY":0},"tweenEasing":0},{"z":9,"duration":1,"transform":{"pY":0,"scX":1,"x":108,"scY":1,"y":100.5,"skX":0,"pX":0,"skY":0},"tweenEasing":0}],"offset":0},{"name":"face","scale":1,"frame":[{"z":10,"duration":14,"transform":{"pY":0,"scX":1,"x":7.5,"scY":1,"y":-551.7,"skX":0,"pX":0,"skY":0},"tweenEasing":0},{"z":10,"duration":15,"transform":{"pY":0,"scX":1,"x":7.5,"scY":1,"y":-543.7,"skX":0,"pX":0,"skY":0},"tweenEasing":0},{"z":10,"duration":1,"transform":{"pY":0,"scX":1,"x":7.5,"scY":1,"y":-551.7,"skX":0,"pX":0,"skY":0},"tweenEasing":0}],"offset":0},{"name":"front-hair","scale":1,"frame":[{"z":11,"duration":7,"transform":{"pY":0,"scX":1,"x":7.65,"scY":1,"y":-673.65,"skX":0,"pX":0,"skY":0},"tweenEasing":0},{"z":11,"duration":7,"transform":{"pY":0,"scX":1,"x":7.65,"scY":1,"y":-673.65,"skX":2.81,"pX":0,"skY":0},"tweenEasing":0},{"z":11,"duration":7,"transform":{"pY":0,"scX":1,"x":7.65,"scY":1,"y":-665.65,"skX":0,"pX":0,"skY":0},"tweenEasing":0},{"z":11,"duration":8,"transform":{"pY":0,"scX":1,"x":7.65,"scY":1,"y":-673.65,"skX":2.81,"pX":0,"skY":0},"tweenEasing":0},{"z":11,"duration":1,"transform":{"pY":0,"scX":1,"x":7.65,"scY":1,"y":-673.65,"skX":0,"pX":0,"skY":0},"tweenEasing":0}],"offset":0},{"name":"mouth","scale":1,"frame":[{"z":12,"duration":14,"transform":{"pY":0,"scX":1,"x":-4.5,"scY":1,"y":-478.65,"skX":0,"pX":0,"skY":0},"tweenEasing":0},{"z":12,"duration":15,"transform":{"pY":0,"scX":1,"x":-4.5,"scY":1,"y":-470.65,"skX":0,"pX":0,"skY":0},"tweenEasing":0},{"z":12,"duration":1,"transform":{"pY":0,"scX":1,"x":-4.5,"scY":1,"y":-478.65,"skX":0,"pX":0,"skY":0},"tweenEasing":0}],"offset":0},{"name":"eyeline","scale":1,"frame":[{"z":13,"duration":14,"transform":{"pY":0,"scX":1,"x":-12,"scY":1,"y":-588.15,"skX":0,"pX":0,"skY":0},"tweenEasing":0},{"z":13,"duration":15,"transform":{"pY":0,"scX":1,"x":-12,"scY":1,"y":-580.15,"skX":0,"pX":0,"skY":0},"tweenEasing":0},{"z":13,"duration":1,"transform":{"pY":0,"scX":1,"x":-12,"scY":1,"y":-588.15,"skX":0,"pX":0,"skY":0},"tweenEasing":0}],"offset":0},{"name":"eye","scale":1,"frame":[{"z":14,"duration":14,"transform":{"pY":0,"scX":1,"x":-6,"scY":1,"y":-558.15,"skX":0,"pX":0,"skY":0},"tweenEasing":0},{"z":14,"duration":14,"transform":{"pY":0,"scX":1,"x":-6,"scY":1,"y":-550.15,"skX":0,"pX":0,"skY":0},"tweenEasing":0},{"z":14,"duration":1,"transform":{"pY":0,"scX":1,"x":-6,"scY":1,"y":-558.15,"skX":0,"pX":0,"skY":0},"tweenEasing":0},{"z":14,"duration":1,"transform":{"pY":0,"scX":1,"x":-6,"scY":0.12,"y":-550.15,"skX":0,"pX":0,"skY":0},"tweenEasing":0}],"offset":0}],"duration":30,"scale":2,"loop":0,"tweenEasing":null,"name":"idle","fadeInTime":0.3}]}],"version":2.3}