<TextureAtlas name="BaseUnitAni" imagePath="texture.png">
 <SubTexture name="Tween 15" x="0" y="0" width="538" height="910"/>
 <SubTexture name="Tween 14" x="1286" y="782" width="160" height="420"/>
 <SubTexture name="Tween 13" x="1502" y="730" width="220" height="560"/>
 <SubTexture name="Tween 12" x="1764" y="0" width="260" height="728"/>
 <SubTexture name="Tween 11" x="540" y="712" width="260" height="639"/>
 <SubTexture name="Tween 10" x="1080" y="0" width="420" height="780"/>
 <SubTexture name="Tween 9" x="1724" y="730" width="220" height="560"/>
 <SubTexture name="Tween 8" x="1064" y="782" width="220" height="420"/>
 <SubTexture name="Tween 7" x="1502" y="0" width="260" height="728"/>
 <SubTexture name="Tween 6" x="802" y="712" width="260" height="639"/>
 <SubTexture name="Tween 5" x="0" y="912" width="275" height="295"/>
 <SubTexture name="Tween 4" x="540" y="0" width="538" height="710"/>
 <SubTexture name="Tween 3" x="277" y="1076" width="111" height="73"/>
 <SubTexture name="Tween 2" x="277" y="1012" width="216" height="62"/>
 <SubTexture name="Tween 1" x="277" y="912" width="204" height="98"/>
</TextureAtlas>